{"cameraMode":{"drawMode":0,"name":"Shaded","section":"Shading Mode"},"sceneLighting":false,"audioPlay":false,"sceneViewState":{"m_AlwaysRefresh":false,"showFog":true,"showSkybox":false,"showFlares":true,"showImageEffects":true,"showParticleSystems":true,"showVisualEffectGraphs":true,"m_FxEnabled":true},"in2DMode":false,"pivot":{"x":2.502500295639038,"y":-5.084786415100098,"z":6.1394805908203129},"rotation":{"x":0.22778700292110444,"y":0.01020050048828125,"z":-0.0023949684109538795,"w":0.9736948609352112},"size":25.048595428466798,"orthographic":false}