{"cameraMode":{"drawMode":0,"name":"Shaded","section":"Shading Mode"},"sceneLighting":false,"audioPlay":false,"sceneViewState":{"m_AlwaysRefresh":false,"showFog":true,"showSkybox":false,"showFlares":true,"showImageEffects":true,"showParticleSystems":true,"showVisualEffectGraphs":true,"m_FxEnabled":true},"in2DMode":false,"pivot":{"x":-4.256577491760254,"y":-5.345439434051514,"z":26.431724548339845},"rotation":{"x":0.09949316084384918,"y":-0.06892264634370804,"z":0.006915416568517685,"w":0.9926472902297974},"size":14.726790428161621,"orthographic":false}